scenario,controller,iteration,time_s,start_normalized_percent,target_normalized_percent,measurement_normalized_percent,error_normalized_percent,effort_normalized_percent_per_s,kp,ki,kd
P_0_100,P,0,0.000000,0.000000,100.000000,0.000000,100.000000,100.000000,2.000000,0.000000,0.000000
P_0_100,P,1,0.020000,0.000000,100.000000,2.000000,98.000000,100.000000,2.000000,0.000000,0.000000
P_0_100,P,2,0.040000,0.000000,100.000000,4.000000,96.000000,100.000000,2.000000,0.000000,0.000000
P_0_100,P,3,0.060000,0.000000,100.000000,6.000000,94.000000,100.000000,2.000000,0.000000,0.000000
P_0_100,P,4,0.080000,0.000000,100.000000,8.000000,92.000000,100.000000,2.000000,0.000000,0.000000
P_0_100,P,5,0.100000,0.000000,100.000000,10.000000,90.000000,100.000000,2.000000,0.000000,0.000000
P_0_100,P,6,0.120000,0.000000,100.000000,12.000000,88.000000,100.000000,2.000000,0.000000,0.000000
P_0_100,P,7,0.140000,0.000000,100.000000,14.000000,86.000000,100.000000,2.000000,0.000000,0.000000
P_0_100,P,8,0.160000,0.000000,100.000000,16.000000,84.000000,100.000000,2.000000,0.000000,0.000000
P_0_100,P,9,0.180000,0.000000,100.000000,18.000000,82.000000,100.000000,2.000000,0.000000,0.000000
P_0_100,P,10,0.200000,0.000000,100.000000,20.000000,80.000000,100.000000,2.000000,0.000000,0.000000
P_0_100,P,11,0.220000,0.000000,100.000000,22.000000,78.000000,100.000000,2.000000,0.000000,0.000000
P_0_100,P,12,0.240000,0.000000,100.000000,24.000000,76.000000,100.000000,2.000000,0.000000,0.000000
P_0_100,P,13,0.260000,0.000000,100.000000,26.000000,74.000000,100.000000,2.000000,0.000000,0.000000
P_0_100,P,14,0.280000,0.000000,100.000000,28.000000,72.000000,100.000000,2.000000,0.000000,0.000000
P_0_100,P,15,0.300000,0.000000,100.000000,30.000000,70.000000,100.000000,2.000000,0.000000,0.000000
P_0_100,P,16,0.320000,0.000000,100.000000,32.000000,68.000000,100.000000,2.000000,0.000000,0.000000
P_0_100,P,17,0.340000,0.000000,100.000000,34.000000,66.000000,100.000000,2.000000,0.000000,0.000000
P_0_100,P,18,0.360000,0.000000,100.000000,36.000000,64.000000,100.000000,2.000000,0.000000,0.000000
P_0_100,P,19,0.380000,0.000000,100.000000,38.000000,62.000000,100.000000,2.000000,0.000000,0.000000
P_0_100,P,20,0.400000,0.000000,100.000000,40.000000,60.000000,100.000000,2.000000,0.000000,0.000000
P_0_100,P,21,0.420000,0.000000,100.000000,42.000000,58.000000,100.000000,2.000000,0.000000,0.000000
P_0_100,P,22,0.440000,0.000000,100.000000,44.000000,56.000000,100.000000,2.000000,0.000000,0.000000
P_0_100,P,23,0.460000,0.000000,100.000000,46.000000,54.000000,100.000000,2.000000,0.000000,0.000000
P_0_100,P,24,0.480000,0.000000,100.000000,48.000000,52.000000,100.000000,2.000000,0.000000,0.000000
P_0_100,P,25,0.500000,0.000000,100.000000,50.000000,50.000000,100.000000,2.000000,0.000000,0.000000
P_0_100,P,26,0.520000,0.000000,100.000000,52.000000,48.000000,96.000000,2.000000,0.000000,0.000000
P_0_100,P,27,0.540000,0.000000,100.000000,53.920000,46.080000,92.160000,2.000000,0.000000,0.000000
P_0_100,P,28,0.560000,0.000000,100.000000,55.763200,44.236800,88.473600,2.000000,0.000000,0.000000
P_0_100,P,29,0.580000,0.000000,100.000000,57.532672,42.467328,84.934656,2.000000,0.000000,0.000000
P_0_100,P,30,0.600000,0.000000,100.000000,59.231365,40.768635,81.537270,2.000000,0.000000,0.000000
P_0_100,P,31,0.620000,0.000000,100.000000,60.862111,39.137889,78.275779,2.000000,0.000000,0.000000
P_0_100,P,32,0.640000,0.000000,100.000000,62.427626,37.572374,75.144748,2.000000,0.000000,0.000000
P_0_100,P,33,0.660000,0.000000,100.000000,63.930521,36.069479,72.138958,2.000000,0.000000,0.000000
P_0_100,P,34,0.680000,0.000000,100.000000,65.373300,34.626700,69.253400,2.000000,0.000000,0.000000
P_0_100,P,35,0.700000,0.000000,100.000000,66.758368,33.241632,66.483264,2.000000,0.000000,0.000000
P_0_100,P,36,0.720000,0.000000,100.000000,68.088033,31.911967,63.823933,2.000000,0.000000,0.000000
P_0_100,P,37,0.740000,0.000000,100.000000,69.364512,30.635488,61.270976,2.000000,0.000000,0.000000
P_0_100,P,38,0.760000,0.000000,100.000000,70.589932,29.410068,58.820137,2.000000,0.000000,0.000000
P_0_100,P,39,0.780000,0.000000,100.000000,71.766334,28.233666,56.467331,2.000000,0.000000,0.000000
P_0_100,P,40,0.800000,0.000000,100.000000,72.895681,27.104319,54.208638,2.000000,0.000000,0.000000
P_0_100,P,41,0.820000,0.000000,100.000000,73.979854,26.020146,52.040292,2.000000,0.000000,0.000000
P_0_100,P,42,0.840000,0.000000,100.000000,75.020660,24.979340,49.958681,2.000000,0.000000,0.000000
P_0_100,P,43,0.860000,0.000000,100.000000,76.019833,23.980167,47.960334,2.000000,0.000000,0.000000
P_0_100,P,44,0.880000,0.000000,100.000000,76.979040,23.020960,46.041920,2.000000,0.000000,0.000000
P_0_100,P,45,0.900000,0.000000,100.000000,77.899878,22.100122,44.200243,2.000000,0.000000,0.000000
P_0_100,P,46,0.920000,0.000000,100.000000,78.783883,21.216117,42.432234,2.000000,0.000000,0.000000
P_0_100,P,47,0.940000,0.000000,100.000000,79.632528,20.367472,40.734944,2.000000,0.000000,0.000000
P_0_100,P,48,0.960000,0.000000,100.000000,80.447227,19.552773,39.105547,2.000000,0.000000,0.000000
P_0_100,P,49,0.980000,0.000000,100.000000,81.229338,18.770662,37.541325,2.000000,0.000000,0.000000
P_0_100,P,50,1.000000,0.000000,100.000000,81.980164,18.019836,36.039672,2.000000,0.000000,0.000000
P_0_100,P,51,1.020000,0.000000,100.000000,82.700958,17.299042,34.598085,2.000000,0.000000,0.000000
P_0_100,P,52,1.040000,0.000000,100.000000,83.392919,16.607081,33.214161,2.000000,0.000000,0.000000
P_0_100,P,53,1.060000,0.000000,100.000000,84.057203,15.942797,31.885595,2.000000,0.000000,0.000000
P_0_100,P,54,1.080000,0.000000,100.000000,84.694914,15.305086,30.610171,2.000000,0.000000,0.000000
P_0_100,P,55,1.100000,0.000000,100.000000,85.307118,14.692882,29.385764,2.000000,0.000000,0.000000
P_0_100,P,56,1.120000,0.000000,100.000000,85.894833,14.105167,28.210334,2.000000,0.000000,0.000000
P_0_100,P,57,1.140000,0.000000,100.000000,86.459040,13.540960,27.081920,2.000000,0.000000,0.000000
P_0_100,P,58,1.160000,0.000000,100.000000,87.000678,12.999322,25.998644,2.000000,0.000000,0.000000
P_0_100,P,59,1.180000,0.000000,100.000000,87.520651,12.479349,24.958698,2.000000,0.000000,0.000000
P_0_100,P,60,1.200000,0.000000,100.000000,88.019825,11.980175,23.960350,2.000000,0.000000,0.000000
P_0_100,P,61,1.220000,0.000000,100.000000,88.499032,11.500968,23.001936,2.000000,0.000000,0.000000
P_0_100,P,62,1.240000,0.000000,100.000000,88.959071,11.040929,22.081858,2.000000,0.000000,0.000000
P_0_100,P,63,1.260000,0.000000,100.000000,89.400708,10.599292,21.198584,2.000000,0.000000,0.000000
P_0_100,P,64,1.280000,0.000000,100.000000,89.824680,10.175320,20.350641,2.000000,0.000000,0.000000
P_0_100,P,65,1.300000,0.000000,100.000000,90.231692,9.768308,19.536615,2.000000,0.000000,0.000000
P_0_100,P,66,1.320000,0.000000,100.000000,90.622425,9.377575,18.755151,2.000000,0.000000,0.000000
P_0_100,P,67,1.340000,0.000000,100.000000,90.997528,9.002472,18.004945,2.000000,0.000000,0.000000
P_0_100,P,68,1.360000,0.000000,100.000000,91.357627,8.642373,17.284747,2.000000,0.000000,0.000000
P_0_100,P,69,1.380000,0.000000,100.000000,91.703322,8.296678,16.593357,2.000000,0.000000,0.000000
P_0_100,P,70,1.400000,0.000000,100.000000,92.035189,7.964811,15.929623,2.000000,0.000000,0.000000
P_0_100,P,71,1.420000,0.000000,100.000000,92.353781,7.646219,15.292438,2.000000,0.000000,0.000000
P_0_100,P,72,1.440000,0.000000,100.000000,92.659630,7.340370,14.680740,2.000000,0.000000,0.000000
P_0_100,P,73,1.460000,0.000000,100.000000,92.953245,7.046755,14.093511,2.000000,0.000000,0.000000
P_0_100,P,74,1.480000,0.000000,100.000000,93.235115,6.764885,13.529770,2.000000,0.000000,0.000000
P_0_100,P,75,1.500000,0.000000,100.000000,93.505710,6.494290,12.988579,2.000000,0.000000,0.000000
P_0_100,P,76,1.520000,0.000000,100.000000,93.765482,6.234518,12.469036,2.000000,0.000000,0.000000
P_0_100,P,77,1.540000,0.000000,100.000000,94.014863,5.985137,11.970275,2.000000,0.000000,0.000000
P_0_100,P,78,1.560000,0.000000,100.000000,94.254268,5.745732,11.491464,2.000000,0.000000,0.000000
P_0_100,P,79,1.580000,0.000000,100.000000,94.484097,5.515903,11.031805,2.000000,0.000000,0.000000
P_0_100,P,80,1.600000,0.000000,100.000000,94.704734,5.295266,10.590533,2.000000,0.000000,0.000000
P_0_100,P,81,1.620000,0.000000,100.000000,94.916544,5.083456,10.166912,2.000000,0.000000,0.000000
P_0_100,P,82,1.640000,0.000000,100.000000,95.119882,4.880118,9.760235,2.000000,0.000000,0.000000
P_0_100,P,83,1.660000,0.000000,100.000000,95.315087,4.684913,9.369826,2.000000,0.000000,0.000000
P_0_100,P,84,1.680000,0.000000,100.000000,95.502484,4.497516,8.995033,2.000000,0.000000,0.000000
P_0_100,P,85,1.700000,0.000000,100.000000,95.682384,4.317616,8.635231,2.000000,0.000000,0.000000
P_0_100,P,86,1.720000,0.000000,100.000000,95.855089,4.144911,8.289822,2.000000,0.000000,0.000000
P_0_100,P,87,1.740000,0.000000,100.000000,96.020885,3.979115,7.958229,2.000000,0.000000,0.000000
P_0_100,P,88,1.760000,0.000000,100.000000,96.180050,3.819950,7.639900,2.000000,0.000000,0.000000
P_0_100,P,89,1.780000,0.000000,100.000000,96.332848,3.667152,7.334304,2.000000,0.000000,0.000000
P_0_100,P,90,1.800000,0.000000,100.000000,96.479534,3.520466,7.040932,2.000000,0.000000,0.000000
P_0_100,P,91,1.820000,0.000000,100.000000,96.620353,3.379647,6.759295,2.000000,0.000000,0.000000
P_0_100,P,92,1.840000,0.000000,100.000000,96.755539,3.244461,6.488923,2.000000,0.000000,0.000000
P_0_100,P,93,1.860000,0.000000,100.000000,96.885317,3.114683,6.229366,2.000000,0.000000,0.000000
P_0_100,P,94,1.880000,0.000000,100.000000,97.009904,2.990096,5.980191,2.000000,0.000000,0.000000
P_0_100,P,95,1.900000,0.000000,100.000000,97.129508,2.870492,5.740984,2.000000,0.000000,0.000000
P_0_100,P,96,1.920000,0.000000,100.000000,97.244328,2.755672,5.511344,2.000000,0.000000,0.000000
P_0_100,P,97,1.940000,0.000000,100.000000,97.354555,2.645445,5.290891,2.000000,0.000000,0.000000
P_0_100,P,98,1.960000,0.000000,100.000000,97.460373,2.539627,5.079255,2.000000,0.000000,0.000000
P_0_100,P,99,1.980000,0.000000,100.000000,97.561958,2.438042,4.876085,2.000000,0.000000,0.000000
P_0_100,P,100,2.000000,0.000000,100.000000,97.659479,2.340521,4.681041,2.000000,0.000000,0.000000
P_0_100,P,101,2.020000,0.000000,100.000000,97.753100,2.246900,4.493800,2.000000,0.000000,0.000000
P_0_100,P,102,2.040000,0.000000,100.000000,97.842976,2.157024,4.314048,2.000000,0.000000,0.000000
P_0_100,P,103,2.060000,0.000000,100.000000,97.929257,2.070743,4.141486,2.000000,0.000000,0.000000
PI_0_100,PI,0,0.000000,0.000000,100.000000,0.000000,100.000000,100.000000,2.000000,0.100000,0.000000
PI_0_100,PI,1,0.020000,0.000000,100.000000,2.000000,98.000000,100.000000,2.000000,0.100000,0.000000
PI_0_100,PI,2,0.040000,0.000000,100.000000,4.000000,96.000000,100.000000,2.000000,0.100000,0.000000
PI_0_100,PI,3,0.060000,0.000000,100.000000,6.000000,94.000000,100.000000,2.000000,0.100000,0.000000
PI_0_100,PI,4,0.080000,0.000000,100.000000,8.000000,92.000000,100.000000,2.000000,0.100000,0.000000
PI_0_100,PI,5,0.100000,0.000000,100.000000,10.000000,90.000000,100.000000,2.000000,0.100000,0.000000
PI_0_100,PI,6,0.120000,0.000000,100.000000,12.000000,88.000000,100.000000,2.000000,0.100000,0.000000
PI_0_100,PI,7,0.140000,0.000000,100.000000,14.000000,86.000000,100.000000,2.000000,0.100000,0.000000
PI_0_100,PI,8,0.160000,0.000000,100.000000,16.000000,84.000000,100.000000,2.000000,0.100000,0.000000
PI_0_100,PI,9,0.180000,0.000000,100.000000,18.000000,82.000000,100.000000,2.000000,0.100000,0.000000
PI_0_100,PI,10,0.200000,0.000000,100.000000,20.000000,80.000000,100.000000,2.000000,0.100000,0.000000
PI_0_100,PI,11,0.220000,0.000000,100.000000,22.000000,78.000000,100.000000,2.000000,0.100000,0.000000
PI_0_100,PI,12,0.240000,0.000000,100.000000,24.000000,76.000000,100.000000,2.000000,0.100000,0.000000
PI_0_100,PI,13,0.260000,0.000000,100.000000,26.000000,74.000000,100.000000,2.000000,0.100000,0.000000
PI_0_100,PI,14,0.280000,0.000000,100.000000,28.000000,72.000000,100.000000,2.000000,0.100000,0.000000
PI_0_100,PI,15,0.300000,0.000000,100.000000,30.000000,70.000000,100.000000,2.000000,0.100000,0.000000
PI_0_100,PI,16,0.320000,0.000000,100.000000,32.000000,68.000000,100.000000,2.000000,0.100000,0.000000
PI_0_100,PI,17,0.340000,0.000000,100.000000,34.000000,66.000000,100.000000,2.000000,0.100000,0.000000
PI_0_100,PI,18,0.360000,0.000000,100.000000,36.000000,64.000000,100.000000,2.000000,0.100000,0.000000
PI_0_100,PI,19,0.380000,0.000000,100.000000,38.000000,62.000000,100.000000,2.000000,0.100000,0.000000
PI_0_100,PI,20,0.400000,0.000000,100.000000,40.000000,60.000000,100.000000,2.000000,0.100000,0.000000
PI_0_100,PI,21,0.420000,0.000000,100.000000,42.000000,58.000000,100.000000,2.000000,0.100000,0.000000
PI_0_100,PI,22,0.440000,0.000000,100.000000,44.000000,56.000000,100.000000,2.000000,0.100000,0.000000
PI_0_100,PI,23,0.460000,0.000000,100.000000,46.000000,54.000000,100.000000,2.000000,0.100000,0.000000
PI_0_100,PI,24,0.480000,0.000000,100.000000,48.000000,52.000000,100.000000,2.000000,0.100000,0.000000
PI_0_100,PI,25,0.500000,0.000000,100.000000,50.000000,50.000000,100.000000,2.000000,0.100000,0.000000
PI_0_100,PI,26,0.520000,0.000000,100.000000,52.000000,48.000000,96.096000,2.000000,0.100000,0.000000
PI_0_100,PI,27,0.540000,0.000000,100.000000,53.921920,46.078080,92.344316,2.000000,0.100000,0.000000
PI_0_100,PI,28,0.560000,0.000000,100.000000,55.768806,44.231194,88.739006,2.000000,0.100000,0.000000
PI_0_100,PI,29,0.580000,0.000000,100.000000,57.543586,42.456414,85.274358,2.000000,0.100000,0.000000
PI_0_100,PI,30,0.600000,0.000000,100.000000,59.249074,40.750926,81.944886,2.000000,0.100000,0.000000
PI_0_100,PI,31,0.620000,0.000000,100.000000,60.887971,39.112029,78.745315,2.000000,0.100000,0.000000
PI_0_100,PI,32,0.640000,0.000000,100.000000,62.462878,37.537122,75.670576,2.000000,0.100000,0.000000
PI_0_100,PI,33,0.660000,0.000000,100.000000,63.976289,36.023711,72.715801,2.000000,0.100000,0.000000
PI_0_100,PI,34,0.680000,0.000000,100.000000,65.430605,34.569395,69.876307,2.000000,0.100000,0.000000
PI_0_100,PI,35,0.700000,0.000000,100.000000,66.828131,33.171869,67.147599,2.000000,0.100000,0.000000
PI_0_100,PI,36,0.720000,0.000000,100.000000,68.171083,31.828917,64.525353,2.000000,0.100000,0.000000
PI_0_100,PI,37,0.740000,0.000000,100.000000,69.461590,30.538410,62.005415,2.000000,0.100000,0.000000
PI_0_100,PI,38,0.760000,0.000000,100.000000,70.701699,29.298301,59.583795,2.000000,0.100000,0.000000
PI_0_100,PI,39,0.780000,0.000000,100.000000,71.893375,28.106625,57.256657,2.000000,0.100000,0.000000
PI_0_100,PI,40,0.800000,0.000000,100.000000,73.038508,26.961492,55.020314,2.000000,0.100000,0.000000
PI_0_100,PI,41,0.820000,0.000000,100.000000,74.138914,25.861086,52.871223,2.000000,0.100000,0.000000
PI_0_100,PI,42,0.840000,0.000000,100.000000,75.196338,24.803662,50.805982,2.000000,0.100000,0.000000
PI_0_100,PI,43,0.860000,0.000000,100.000000,76.212458,23.787542,48.821317,2.000000,0.100000,0.000000
PI_0_100,PI,44,0.880000,0.000000,100.000000,77.188884,22.811116,46.914087,2.000000,0.100000,0.000000
PI_0_100,PI,45,0.900000,0.000000,100.000000,78.127166,21.872834,45.081269,2.000000,0.100000,0.000000
PI_0_100,PI,46,0.920000,0.000000,100.000000,79.028792,20.971208,43.319961,2.000000,0.100000,0.000000
PI_0_100,PI,47,0.940000,0.000000,100.000000,79.895191,20.104809,41.627372,2.000000,0.100000,0.000000
PI_0_100,PI,48,0.960000,0.000000,100.000000,80.727738,19.272262,40.000822,2.000000,0.100000,0.000000
PI_0_100,PI,49,0.980000,0.000000,100.000000,81.527755,18.472245,38.437733,2.000000,0.100000,0.000000
PI_0_100,PI,50,1.000000,0.000000,100.000000,82.296509,17.703491,36.935631,2.000000,0.100000,0.000000
PI_0_100,PI,51,1.020000,0.000000,100.000000,83.035222,16.964778,35.492135,2.000000,0.100000,0.000000
PI_0_100,PI,52,1.040000,0.000000,100.000000,83.745065,16.254935,34.104960,2.000000,0.100000,0.000000
PI_0_100,PI,53,1.060000,0.000000,100.000000,84.427164,15.572836,32.771907,2.000000,0.100000,0.000000
PI_0_100,PI,54,1.080000,0.000000,100.000000,85.082602,14.917398,31.490865,2.000000,0.100000,0.000000
PI_0_100,PI,55,1.100000,0.000000,100.000000,85.712419,14.287581,30.259806,2.000000,0.100000,0.000000
PI_0_100,PI,56,1.120000,0.000000,100.000000,86.317615,13.682385,29.076779,2.000000,0.100000,0.000000
PI_0_100,PI,57,1.140000,0.000000,100.000000,86.899151,13.100849,27.939909,2.000000,0.100000,0.000000
PI_0_100,PI,58,1.160000,0.000000,100.000000,87.457949,12.542051,26.847397,2.000000,0.100000,0.000000
PI_0_100,PI,59,1.180000,0.000000,100.000000,87.994897,12.005103,25.797511,2.000000,0.100000,0.000000
PI_0_100,PI,60,1.200000,0.000000,100.000000,88.510847,11.489153,24.788589,2.000000,0.100000,0.000000
PI_0_100,PI,61,1.220000,0.000000,100.000000,89.006619,10.993381,23.819032,2.000000,0.100000,0.000000
PI_0_100,PI,62,1.240000,0.000000,100.000000,89.483000,10.517000,22.887305,2.000000,0.100000,0.000000
PI_0_100,PI,63,1.260000,0.000000,100.000000,89.940746,10.059254,21.991931,2.000000,0.100000,0.000000
PI_0_100,PI,64,1.280000,0.000000,100.000000,90.380584,9.619416,21.131493,2.000000,0.100000,0.000000
PI_0_100,PI,65,1.300000,0.000000,100.000000,90.803214,9.196786,20.304627,2.000000,0.100000,0.000000
PI_0_100,PI,66,1.320000,0.000000,100.000000,91.209307,8.790693,19.510023,2.000000,0.100000,0.000000
PI_0_100,PI,67,1.340000,0.000000,100.000000,91.599507,8.400493,18.746423,2.000000,0.100000,0.000000
PI_0_100,PI,68,1.360000,0.000000,100.000000,91.974436,8.025564,18.012617,2.000000,0.100000,0.000000
PI_0_100,PI,69,1.380000,0.000000,100.000000,92.334688,7.665312,17.307443,2.000000,0.100000,0.000000
PI_0_100,PI,70,1.400000,0.000000,100.000000,92.680837,7.319163,16.629784,2.000000,0.100000,0.000000
PI_0_100,PI,71,1.420000,0.000000,100.000000,93.013433,6.986567,15.978566,2.000000,0.100000,0.000000
PI_0_100,PI,72,1.440000,0.000000,100.000000,93.333004,6.666996,15.352757,2.000000,0.100000,0.000000
PI_0_100,PI,73,1.460000,0.000000,100.000000,93.640059,6.359941,14.751367,2.000000,0.100000,0.000000
PI_0_100,PI,74,1.480000,0.000000,100.000000,93.935086,6.064914,14.173442,2.000000,0.100000,0.000000
PI_0_100,PI,75,1.500000,0.000000,100.000000,94.218555,5.781445,13.618067,2.000000,0.100000,0.000000
PI_0_100,PI,76,1.520000,0.000000,100.000000,94.490917,5.509083,13.084362,2.000000,0.100000,0.000000
PI_0_100,PI,77,1.540000,0.000000,100.000000,94.752604,5.247396,12.571483,2.000000,0.100000,0.000000
PI_0_100,PI,78,1.560000,0.000000,100.000000,95.004033,4.995967,12.078615,2.000000,0.100000,0.000000
PI_0_100,PI,79,1.580000,0.000000,100.000000,95.245606,4.754394,11.604980,2.000000,0.100000,0.000000
PI_0_100,PI,80,1.600000,0.000000,100.000000,95.477705,4.522295,11.149825,2.000000,0.100000,0.000000
PI_0_100,PI,81,1.620000,0.000000,100.000000,95.700702,4.299298,10.712431,2.000000,0.100000,0.000000
PI_0_100,PI,82,1.640000,0.000000,100.000000,95.914951,4.085049,10.292103,2.000000,0.100000,0.000000
PI_0_100,PI,83,1.660000,0.000000,100.000000,96.120793,3.879207,9.888178,2.000000,0.100000,0.000000
PI_0_100,PI,84,1.680000,0.000000,100.000000,96.318556,3.681444,9.500013,2.000000,0.100000,0.000000
PI_0_100,PI,85,1.700000,0.000000,100.000000,96.508556,3.491444,9.126996,2.000000,0.100000,0.000000
PI_0_100,PI,86,1.720000,0.000000,100.000000,96.691096,3.308904,8.768534,2.000000,0.100000,0.000000
PI_0_100,PI,87,1.740000,0.000000,100.000000,96.866467,3.133533,8.424060,2.000000,0.100000,0.000000
PI_0_100,PI,88,1.760000,0.000000,100.000000,97.034948,2.965052,8.093027,2.000000,0.100000,0.000000
PI_0_100,PI,89,1.780000,0.000000,100.000000,97.196809,2.803191,7.774913,2.000000,0.100000,0.000000
PI_0_100,PI,90,1.800000,0.000000,100.000000,97.352307,2.647693,7.469211,2.000000,0.100000,0.000000
PI_0_100,PI,91,1.820000,0.000000,100.000000,97.501691,2.498309,7.175440,2.000000,0.100000,0.000000
PI_0_100,PI,92,1.840000,0.000000,100.000000,97.645200,2.354800,6.893132,2.000000,0.100000,0.000000
PI_0_100,PI,93,1.860000,0.000000,100.000000,97.783063,2.216937,6.621840,2.000000,0.100000,0.000000
PI_0_100,PI,94,1.880000,0.000000,100.000000,97.915499,2.084501,6.361136,2.000000,0.100000,0.000000
PID_0_100,PID,0,0.000000,0.000000,100.000000,0.000000,100.000000,100.000000,2.000000,0.100000,0.050000
PID_0_100,PID,1,0.020000,0.000000,100.000000,2.000000,98.000000,100.000000,2.000000,0.100000,0.050000
PID_0_100,PID,2,0.040000,0.000000,100.000000,4.000000,96.000000,100.000000,2.000000,0.100000,0.050000
PID_0_100,PID,3,0.060000,0.000000,100.000000,6.000000,94.000000,100.000000,2.000000,0.100000,0.050000
PID_0_100,PID,4,0.080000,0.000000,100.000000,8.000000,92.000000,100.000000,2.000000,0.100000,0.050000
PID_0_100,PID,5,0.100000,0.000000,100.000000,10.000000,90.000000,100.000000,2.000000,0.100000,0.050000
PID_0_100,PID,6,0.120000,0.000000,100.000000,12.000000,88.000000,100.000000,2.000000,0.100000,0.050000
PID_0_100,PID,7,0.140000,0.000000,100.000000,14.000000,86.000000,100.000000,2.000000,0.100000,0.050000
PID_0_100,PID,8,0.160000,0.000000,100.000000,16.000000,84.000000,100.000000,2.000000,0.100000,0.050000
PID_0_100,PID,9,0.180000,0.000000,100.000000,18.000000,82.000000,100.000000,2.000000,0.100000,0.050000
PID_0_100,PID,10,0.200000,0.000000,100.000000,20.000000,80.000000,100.000000,2.000000,0.100000,0.050000
PID_0_100,PID,11,0.220000,0.000000,100.000000,22.000000,78.000000,100.000000,2.000000,0.100000,0.050000
PID_0_100,PID,12,0.240000,0.000000,100.000000,24.000000,76.000000,100.000000,2.000000,0.100000,0.050000
PID_0_100,PID,13,0.260000,0.000000,100.000000,26.000000,74.000000,100.000000,2.000000,0.100000,0.050000
PID_0_100,PID,14,0.280000,0.000000,100.000000,28.000000,72.000000,100.000000,2.000000,0.100000,0.050000
PID_0_100,PID,15,0.300000,0.000000,100.000000,30.000000,70.000000,100.000000,2.000000,0.100000,0.050000
PID_0_100,PID,16,0.320000,0.000000,100.000000,32.000000,68.000000,100.000000,2.000000,0.100000,0.050000
PID_0_100,PID,17,0.340000,0.000000,100.000000,34.000000,66.000000,100.000000,2.000000,0.100000,0.050000
PID_0_100,PID,18,0.360000,0.000000,100.000000,36.000000,64.000000,100.000000,2.000000,0.100000,0.050000
PID_0_100,PID,19,0.380000,0.000000,100.000000,38.000000,62.000000,100.000000,2.000000,0.100000,0.050000
PID_0_100,PID,20,0.400000,0.000000,100.000000,40.000000,60.000000,100.000000,2.000000,0.100000,0.050000
PID_0_100,PID,21,0.420000,0.000000,100.000000,42.000000,58.000000,100.000000,2.000000,0.100000,0.050000
PID_0_100,PID,22,0.440000,0.000000,100.000000,44.000000,56.000000,100.000000,2.000000,0.100000,0.050000
PID_0_100,PID,23,0.460000,0.000000,100.000000,46.000000,54.000000,100.000000,2.000000,0.100000,0.050000
PID_0_100,PID,24,0.480000,0.000000,100.000000,48.000000,52.000000,99.104000,2.000000,0.100000,0.050000
PID_0_100,PID,25,0.500000,0.000000,100.000000,49.982080,50.017920,95.284676,2.000000,0.100000,0.050000
PID_0_100,PID,26,0.520000,0.000000,100.000000,51.887774,48.112226,91.760479,2.000000,0.100000,0.050000
PID_0_100,PID,27,0.540000,0.000000,100.000000,53.722983,46.277017,88.358824,2.000000,0.100000,0.050000
PID_0_100,PID,28,0.560000,0.000000,100.000000,55.490160,44.509840,85.083574,2.000000,0.100000,0.050000
PID_0_100,PID,29,0.580000,0.000000,100.000000,57.191831,42.808169,81.929610,2.000000,0.100000,0.050000
PID_0_100,PID,30,0.600000,0.000000,100.000000,58.830423,41.169577,78.892463,2.000000,0.100000,0.050000
PID_0_100,PID,31,0.620000,0.000000,100.000000,60.408273,39.591727,75.967805,2.000000,0.100000,0.050000
PID_0_100,PID,32,0.640000,0.000000,100.000000,61.927629,38.072371,73.151470,2.000000,0.100000,0.050000
PID_0_100,PID,33,0.660000,0.000000,100.000000,63.390658,36.609342,70.439447,2.000000,0.100000,0.050000
PID_0_100,PID,34,0.680000,0.000000,100.000000,64.799447,35.200553,67.827871,2.000000,0.100000,0.050000
PID_0_100,PID,35,0.700000,0.000000,100.000000,66.156004,33.843996,65.313023,2.000000,0.100000,0.050000
PID_0_100,PID,36,0.720000,0.000000,100.000000,67.462265,32.537735,62.891320,2.000000,0.100000,0.050000
PID_0_100,PID,37,0.740000,0.000000,100.000000,68.720091,31.279909,60.559312,2.000000,0.100000,0.050000
PID_0_100,PID,38,0.760000,0.000000,100.000000,69.931277,30.068723,58.313678,2.000000,0.100000,0.050000
PID_0_100,PID,39,0.780000,0.000000,100.000000,71.097551,28.902449,56.151217,2.000000,0.100000,0.050000
PID_0_100,PID,40,0.800000,0.000000,100.000000,72.220575,27.779425,54.068850,2.000000,0.100000,0.050000
PID_0_100,PID,41,0.820000,0.000000,100.000000,73.301952,26.698048,52.063611,2.000000,0.100000,0.050000
PID_0_100,PID,42,0.840000,0.000000,100.000000,74.343225,25.656775,50.132642,2.000000,0.100000,0.050000
PID_0_100,PID,43,0.860000,0.000000,100.000000,75.345877,24.654123,48.273193,2.000000,0.100000,0.050000
PID_0_100,PID,44,0.880000,0.000000,100.000000,76.311341,23.688659,46.482615,2.000000,0.100000,0.050000
PID_0_100,PID,45,0.900000,0.000000,100.000000,77.240994,22.759006,44.758357,2.000000,0.100000,0.050000
PID_0_100,PID,46,0.920000,0.000000,100.000000,78.136161,21.863839,43.097964,2.000000,0.100000,0.050000
PID_0_100,PID,47,0.940000,0.000000,100.000000,78.998120,21.001880,41.499068,2.000000,0.100000,0.050000
PID_0_100,PID,48,0.960000,0.000000,100.000000,79.828101,20.171899,39.959394,2.000000,0.100000,0.050000
PID_0_100,PID,49,0.980000,0.000000,100.000000,80.627289,19.372711,38.476748,2.000000,0.100000,0.050000
PID_0_100,PID,50,1.000000,0.000000,100.000000,81.396824,18.603176,37.049016,2.000000,0.100000,0.050000
PID_0_100,PID,51,1.020000,0.000000,100.000000,82.137805,17.862195,35.674167,2.000000,0.100000,0.050000
PID_0_100,PID,52,1.040000,0.000000,100.000000,82.851288,17.148712,34.350240,2.000000,0.100000,0.050000
PID_0_100,PID,53,1.060000,0.000000,100.000000,83.538293,16.461707,33.075350,2.000000,0.100000,0.050000
PID_0_100,PID,54,1.080000,0.000000,100.000000,84.199800,15.800200,31.847681,2.000000,0.100000,0.050000
PID_0_100,PID,55,1.100000,0.000000,100.000000,84.836753,15.163247,30.665484,2.000000,0.100000,0.050000
PID_0_100,PID,56,1.120000,0.000000,100.000000,85.450063,14.549937,29.527074,2.000000,0.100000,0.050000
PID_0_100,PID,57,1.140000,0.000000,100.000000,86.040604,13.959396,28.430830,2.000000,0.100000,0.050000
PID_0_100,PID,58,1.160000,0.000000,100.000000,86.609221,13.390779,27.375191,2.000000,0.100000,0.050000
PID_0_100,PID,59,1.180000,0.000000,100.000000,87.156725,12.843275,26.358652,2.000000,0.100000,0.050000
PID_0_100,PID,60,1.200000,0.000000,100.000000,87.683898,12.316102,25.379765,2.000000,0.100000,0.050000
PID_0_100,PID,61,1.220000,0.000000,100.000000,88.191493,11.808507,24.437136,2.000000,0.100000,0.050000
PID_0_100,PID,62,1.240000,0.000000,100.000000,88.680236,11.319764,23.529421,2.000000,0.100000,0.050000
PID_0_100,PID,63,1.260000,0.000000,100.000000,89.150824,10.849176,22.655328,2.000000,0.100000,0.050000
PID_0_100,PID,64,1.280000,0.000000,100.000000,89.603931,10.396069,21.813612,2.000000,0.100000,0.050000
PID_0_100,PID,65,1.300000,0.000000,100.000000,90.040203,9.959797,21.003073,2.000000,0.100000,0.050000
PID_0_100,PID,66,1.320000,0.000000,100.000000,90.460265,9.539735,20.222557,2.000000,0.100000,0.050000
PID_0_100,PID,67,1.340000,0.000000,100.000000,90.864716,9.135284,19.470951,2.000000,0.100000,0.050000
PID_0_100,PID,68,1.360000,0.000000,100.000000,91.254135,8.745865,18.747185,2.000000,0.100000,0.050000
PID_0_100,PID,69,1.380000,0.000000,100.000000,91.629078,8.370922,18.050227,2.000000,0.100000,0.050000
PID_0_100,PID,70,1.400000,0.000000,100.000000,91.990083,8.009917,17.379086,2.000000,0.100000,0.050000
PID_0_100,PID,71,1.420000,0.000000,100.000000,92.337665,7.662335,16.732804,2.000000,0.100000,0.050000
PID_0_100,PID,72,1.440000,0.000000,100.000000,92.672321,7.327679,16.110462,2.000000,0.100000,0.050000
PID_0_100,PID,73,1.460000,0.000000,100.000000,92.994530,7.005470,15.511171,2.000000,0.100000,0.050000
PID_0_100,PID,74,1.480000,0.000000,100.000000,93.304753,6.695247,14.934079,2.000000,0.100000,0.050000
PID_0_100,PID,75,1.500000,0.000000,100.000000,93.603435,6.396565,14.378364,2.000000,0.100000,0.050000
PID_0_100,PID,76,1.520000,0.000000,100.000000,93.891002,6.108998,13.843233,2.000000,0.100000,0.050000
PID_0_100,PID,77,1.540000,0.000000,100.000000,94.167867,5.832133,13.327925,2.000000,0.100000,0.050000
PID_0_100,PID,78,1.560000,0.000000,100.000000,94.434425,5.565575,12.831704,2.000000,0.100000,0.050000
PID_0_100,PID,79,1.580000,0.000000,100.000000,94.691060,5.308940,12.353865,2.000000,0.100000,0.050000
PID_0_100,PID,80,1.600000,0.000000,100.000000,94.938137,5.061863,11.893726,2.000000,0.100000,0.050000
PID_0_100,PID,81,1.620000,0.000000,100.000000,95.176011,4.823989,11.450632,2.000000,0.100000,0.050000
PID_0_100,PID,82,1.640000,0.000000,100.000000,95.405024,4.594976,11.023951,2.000000,0.100000,0.050000
PID_0_100,PID,83,1.660000,0.000000,100.000000,95.625503,4.374497,10.613076,2.000000,0.100000,0.050000
PID_0_100,PID,84,1.680000,0.000000,100.000000,95.837765,4.162235,10.217421,2.000000,0.100000,0.050000
PID_0_100,PID,85,1.700000,0.000000,100.000000,96.042113,3.957887,9.836423,2.000000,0.100000,0.050000
PID_0_100,PID,86,1.720000,0.000000,100.000000,96.238841,3.761159,9.469538,2.000000,0.100000,0.050000
PID_0_100,PID,87,1.740000,0.000000,100.000000,96.428232,3.571768,9.116245,2.000000,0.100000,0.050000
PID_0_100,PID,88,1.760000,0.000000,100.000000,96.610557,3.389443,8.776038,2.000000,0.100000,0.050000
PID_0_100,PID,89,1.780000,0.000000,100.000000,96.786078,3.213922,8.448435,2.000000,0.100000,0.050000
PID_0_100,PID,90,1.800000,0.000000,100.000000,96.955047,3.044953,8.132968,2.000000,0.100000,0.050000
PID_0_100,PID,91,1.820000,0.000000,100.000000,97.117706,2.882294,7.829187,2.000000,0.100000,0.050000
PID_0_100,PID,92,1.840000,0.000000,100.000000,97.274290,2.725710,7.536660,2.000000,0.100000,0.050000
PID_0_100,PID,93,1.860000,0.000000,100.000000,97.425023,2.574977,7.254970,2.000000,0.100000,0.050000
PID_0_100,PID,94,1.880000,0.000000,100.000000,97.570122,2.429878,6.983715,2.000000,0.100000,0.050000
PID_0_100,PID,95,1.900000,0.000000,100.000000,97.709797,2.290203,6.722510,2.000000,0.100000,0.050000
PID_0_100,PID,96,1.920000,0.000000,100.000000,97.844247,2.155753,6.470981,2.000000,0.100000,0.050000
PID_0_100,PID,97,1.940000,0.000000,100.000000,97.973666,2.026334,6.228771,2.000000,0.100000,0.050000
